[
    {
        "id": 1000,
        "artist": "Ramones",
        "name": "Ramones",
        "image": "/images/ramones-ramones.jpg",
        "links": {
            "tracks": [
                {
                    "id": 1000,
                    "title": "Blitzkrieg Bop",
                    "duration": "2:12"
                },
                {
                    "id": 1001,
                    "title": "Beat on the Brat",
                    "duration": "2:30"
                },
                {
                    "id": 1002,
                    "title": "Judy Is a Punk",
                    "duration": "1:30"
                },
                {
                    "id": 1003,
                    "title": "I Wanna Be Your Boyfriend",
                    "duration": "2:24"
                },
                {
                    "id": 1004,
                    "title": "Chain Saw",
                    "duration": "1:55"
                },
                {
                    "id": 1005,
                    "title": "Now I Wanna Sniff Some Glue",
                    "duration": "1:34"
                },
                {
                    "id": 1006,
                    "title": "I Don't Wanna Go Down to the Basement",
                    "duration": "2:35"
                },
                {
                    "id": 1007,
                    "title": "Loudmouth",
                    "duration": "2:14"
                },
                {
                    "id": 1008,
                    "title": "Havana Affair",
                    "duration": "2:00"
                },
                {
                    "id": 1009,
                    "title": "Listen to My Heart",
                    "duration": "1:56"
                },
                {
                    "id": 1010,
                    "title": "53rd & 3rd",
                    "duration": "2:19"
                },
                {
                    "id": 1011,
                    "title": "Let's Dance",
                    "duration": "1:51"
                },
                {
                    "id": 1012,
                    "title": "I Don't Wanna Walk Around with You",
                    "duration": "1:43"
                },
                {
                    "id": 1013,
                    "title": "Today Your Love, Tomorrow the World",
                    "duration": "2:09"
                }
            ]
        }
    },
    {
        "id": 1001,
        "artist": "Ramones",
        "name": "Leave Home",
        "image": "/images/ramones-leave-home.jpg",
        "links": {
            "tracks": [
                {
                    "id": 1000,
                    "title": "Blitzkrieg Bop",
                    "duration": "2:12"
                },
                {
                    "id": 1001,
                    "title": "Beat on the Brat",
                    "duration": "2:30"
                },
                {
                    "id": 1002,
                    "title": "Judy Is a Punk",
                    "duration": "1:30"
                },
                {
                    "id": 1003,
                    "title": "I Wanna Be Your Boyfriend",
                    "duration": "2:24"
                },
                {
                    "id": 1004,
                    "title": "Chain Saw",
                    "duration": "1:55"
                },
                {
                    "id": 1005,
                    "title": "Now I Wanna Sniff Some Glue",
                    "duration": "1:34"
                },
                {
                    "id": 1006,
                    "title": "I Don't Wanna Go Down to the Basement",
                    "duration": "2:35"
                },
                {
                    "id": 1007,
                    "title": "Loudmouth",
                    "duration": "2:14"
                },
                {
                    "id": 1008,
                    "title": "Havana Affair",
                    "duration": "2:00"
                },
                {
                    "id": 1009,
                    "title": "Listen to My Heart",
                    "duration": "1:56"
                },
                {
                    "id": 1010,
                    "title": "53rd & 3rd",
                    "duration": "2:19"
                },
                {
                    "id": 1011,
                    "title": "Let's Dance",
                    "duration": "1:51"
                },
                {
                    "id": 1012,
                    "title": "I Don't Wanna Walk Around with You",
                    "duration": "1:43"
                },
                {
                    "id": 1013,
                    "title": "Today Your Love, Tomorrow the World",
                    "duration": "2:09"
                }
            ]
        }
    },
    {
        "id": 1002,
        "artist": "Ramones",
        "name": "Rocket to Russia",
        "image": "/images/ramones-rocket-to-russia.jpg",
        "links": {
            "tracks": [
                {
                    "id": 1000,
                    "title": "Blitzkrieg Bop",
                    "duration": "2:12"
                },
                {
                    "id": 1001,
                    "title": "Beat on the Brat",
                    "duration": "2:30"
                },
                {
                    "id": 1002,
                    "title": "Judy Is a Punk",
                    "duration": "1:30"
                },
                {
                    "id": 1003,
                    "title": "I Wanna Be Your Boyfriend",
                    "duration": "2:24"
                },
                {
                    "id": 1004,
                    "title": "Chain Saw",
                    "duration": "1:55"
                },
                {
                    "id": 1005,
                    "title": "Now I Wanna Sniff Some Glue",
                    "duration": "1:34"
                },
                {
                    "id": 1006,
                    "title": "I Don't Wanna Go Down to the Basement",
                    "duration": "2:35"
                },
                {
                    "id": 1007,
                    "title": "Loudmouth",
                    "duration": "2:14"
                },
                {
                    "id": 1008,
                    "title": "Havana Affair",
                    "duration": "2:00"
                },
                {
                    "id": 1009,
                    "title": "Listen to My Heart",
                    "duration": "1:56"
                },
                {
                    "id": 1010,
                    "title": "53rd & 3rd",
                    "duration": "2:19"
                },
                {
                    "id": 1011,
                    "title": "Let's Dance",
                    "duration": "1:51"
                },
                {
                    "id": 1012,
                    "title": "I Don't Wanna Walk Around with You",
                    "duration": "1:43"
                },
                {
                    "id": 1013,
                    "title": "Today Your Love, Tomorrow the World",
                    "duration": "2:09"
                }
            ]
        }
    },
    {
        "id": 1003,
        "artist": "Ramones",
        "name": "Road to Ruin",
        "image": "/images/ramones-road-to-ruin.jpg",
        "links": {
            "tracks": [
                {
                    "id": 1000,
                    "title": "Blitzkrieg Bop",
                    "duration": "2:12"
                },
                {
                    "id": 1001,
                    "title": "Beat on the Brat",
                    "duration": "2:30"
                },
                {
                    "id": 1002,
                    "title": "Judy Is a Punk",
                    "duration": "1:30"
                },
                {
                    "id": 1003,
                    "title": "I Wanna Be Your Boyfriend",
                    "duration": "2:24"
                },
                {
                    "id": 1004,
                    "title": "Chain Saw",
                    "duration": "1:55"
                },
                {
                    "id": 1005,
                    "title": "Now I Wanna Sniff Some Glue",
                    "duration": "1:34"
                },
                {
                    "id": 1006,
                    "title": "I Don't Wanna Go Down to the Basement",
                    "duration": "2:35"
                },
                {
                    "id": 1007,
                    "title": "Loudmouth",
                    "duration": "2:14"
                },
                {
                    "id": 1008,
                    "title": "Havana Affair",
                    "duration": "2:00"
                },
                {
                    "id": 1009,
                    "title": "Listen to My Heart",
                    "duration": "1:56"
                },
                {
                    "id": 1010,
                    "title": "53rd & 3rd",
                    "duration": "2:19"
                },
                {
                    "id": 1011,
                    "title": "Let's Dance",
                    "duration": "1:51"
                },
                {
                    "id": 1012,
                    "title": "I Don't Wanna Walk Around with You",
                    "duration": "1:43"
                },
                {
                    "id": 1013,
                    "title": "Today Your Love, Tomorrow the World",
                    "duration": "2:09"
                }
            ]
        }
    },
    {
        "id": 1004,
        "artist": "Ramones",
        "name": "End of the Century",
        "image": "/images/ramones-end-of-the-century.jpg",
        "links": {
            "tracks": [
                {
                    "id": 1000,
                    "title": "Blitzkrieg Bop",
                    "duration": "2:12"
                },
                {
                    "id": 1001,
                    "title": "Beat on the Brat",
                    "duration": "2:30"
                },
                {
                    "id": 1002,
                    "title": "Judy Is a Punk",
                    "duration": "1:30"
                },
                {
                    "id": 1003,
                    "title": "I Wanna Be Your Boyfriend",
                    "duration": "2:24"
                },
                {
                    "id": 1004,
                    "title": "Chain Saw",
                    "duration": "1:55"
                },
                {
                    "id": 1005,
                    "title": "Now I Wanna Sniff Some Glue",
                    "duration": "1:34"
                },
                {
                    "id": 1006,
                    "title": "I Don't Wanna Go Down to the Basement",
                    "duration": "2:35"
                },
                {
                    "id": 1007,
                    "title": "Loudmouth",
                    "duration": "2:14"
                },
                {
                    "id": 1008,
                    "title": "Havana Affair",
                    "duration": "2:00"
                },
                {
                    "id": 1009,
                    "title": "Listen to My Heart",
                    "duration": "1:56"
                },
                {
                    "id": 1010,
                    "title": "53rd & 3rd",
                    "duration": "2:19"
                },
                {
                    "id": 1011,
                    "title": "Let's Dance",
                    "duration": "1:51"
                },
                {
                    "id": 1012,
                    "title": "I Don't Wanna Walk Around with You",
                    "duration": "1:43"
                },
                {
                    "id": 1013,
                    "title": "Today Your Love, Tomorrow the World",
                    "duration": "2:09"
                }
            ]
        }
    },
    {
        "id": 1005,
        "artist": "Ramones",
        "name": "Pleasant Dreams",
        "image": "/images/ramones-pleasant-dreams.jpg",
        "links": {
            "tracks": [
                {
                    "id": 1000,
                    "title": "Blitzkrieg Bop",
                    "duration": "2:12"
                },
                {
                    "id": 1001,
                    "title": "Beat on the Brat",
                    "duration": "2:30"
                },
                {
                    "id": 1002,
                    "title": "Judy Is a Punk",
                    "duration": "1:30"
                },
                {
                    "id": 1003,
                    "title": "I Wanna Be Your Boyfriend",
                    "duration": "2:24"
                },
                {
                    "id": 1004,
                    "title": "Chain Saw",
                    "duration": "1:55"
                },
                {
                    "id": 1005,
                    "title": "Now I Wanna Sniff Some Glue",
                    "duration": "1:34"
                },
                {
                    "id": 1006,
                    "title": "I Don't Wanna Go Down to the Basement",
                    "duration": "2:35"
                },
                {
                    "id": 1007,
                    "title": "Loudmouth",
                    "duration": "2:14"
                },
                {
                    "id": 1008,
                    "title": "Havana Affair",
                    "duration": "2:00"
                },
                {
                    "id": 1009,
                    "title": "Listen to My Heart",
                    "duration": "1:56"
                },
                {
                    "id": 1010,
                    "title": "53rd & 3rd",
                    "duration": "2:19"
                },
                {
                    "id": 1011,
                    "title": "Let's Dance",
                    "duration": "1:51"
                },
                {
                    "id": 1012,
                    "title": "I Don't Wanna Walk Around with You",
                    "duration": "1:43"
                },
                {
                    "id": 1013,
                    "title": "Today Your Love, Tomorrow the World",
                    "duration": "2:09"
                }
            ]
        }
    },
    {
        "id": 1006,
        "artist": "Ramones",
        "name": "Subterranean Jungle",
        "image": "/images/ramones-subterranean-jungle.jpg",
        "links": {
            "tracks": [
                {
                    "id": 1000,
                    "title": "Blitzkrieg Bop",
                    "duration": "2:12"
                },
                {
                    "id": 1001,
                    "title": "Beat on the Brat",
                    "duration": "2:30"
                },
                {
                    "id": 1002,
                    "title": "Judy Is a Punk",
                    "duration": "1:30"
                },
                {
                    "id": 1003,
                    "title": "I Wanna Be Your Boyfriend",
                    "duration": "2:24"
                },
                {
                    "id": 1004,
                    "title": "Chain Saw",
                    "duration": "1:55"
                },
                {
                    "id": 1005,
                    "title": "Now I Wanna Sniff Some Glue",
                    "duration": "1:34"
                },
                {
                    "id": 1006,
                    "title": "I Don't Wanna Go Down to the Basement",
                    "duration": "2:35"
                },
                {
                    "id": 1007,
                    "title": "Loudmouth",
                    "duration": "2:14"
                },
                {
                    "id": 1008,
                    "title": "Havana Affair",
                    "duration": "2:00"
                },
                {
                    "id": 1009,
                    "title": "Listen to My Heart",
                    "duration": "1:56"
                },
                {
                    "id": 1010,
                    "title": "53rd & 3rd",
                    "duration": "2:19"
                },
                {
                    "id": 1011,
                    "title": "Let's Dance",
                    "duration": "1:51"
                },
                {
                    "id": 1012,
                    "title": "I Don't Wanna Walk Around with You",
                    "duration": "1:43"
                },
                {
                    "id": 1013,
                    "title": "Today Your Love, Tomorrow the World",
                    "duration": "2:09"
                }
            ]
        }
    },
    {
        "id": 1007,
        "artist": "Ramones",
        "name": "Too Tough to Die",
        "image": "/images/ramones-too-tough-to-die.jpg",
        "links": {
            "tracks": [
                {
                    "id": 1000,
                    "title": "Blitzkrieg Bop",
                    "duration": "2:12"
                },
                {
                    "id": 1001,
                    "title": "Beat on the Brat",
                    "duration": "2:30"
                },
                {
                    "id": 1002,
                    "title": "Judy Is a Punk",
                    "duration": "1:30"
                },
                {
                    "id": 1003,
                    "title": "I Wanna Be Your Boyfriend",
                    "duration": "2:24"
                },
                {
                    "id": 1004,
                    "title": "Chain Saw",
                    "duration": "1:55"
                },
                {
                    "id": 1005,
                    "title": "Now I Wanna Sniff Some Glue",
                    "duration": "1:34"
                },
                {
                    "id": 1006,
                    "title": "I Don't Wanna Go Down to the Basement",
                    "duration": "2:35"
                },
                {
                    "id": 1007,
                    "title": "Loudmouth",
                    "duration": "2:14"
                },
                {
                    "id": 1008,
                    "title": "Havana Affair",
                    "duration": "2:00"
                },
                {
                    "id": 1009,
                    "title": "Listen to My Heart",
                    "duration": "1:56"
                },
                {
                    "id": 1010,
                    "title": "53rd & 3rd",
                    "duration": "2:19"
                },
                {
                    "id": 1011,
                    "title": "Let's Dance",
                    "duration": "1:51"
                },
                {
                    "id": 1012,
                    "title": "I Don't Wanna Walk Around with You",
                    "duration": "1:43"
                },
                {
                    "id": 1013,
                    "title": "Today Your Love, Tomorrow the World",
                    "duration": "2:09"
                }
            ]
        }
    },
    {
        "id": 1008,
        "artist": "Ramones",
        "name": "Animal Boy",
        "image": "/images/ramones-animal-boy.jpg",
        "links": {
            "tracks": [
                {
                    "id": 1000,
                    "title": "Blitzkrieg Bop",
                    "duration": "2:12"
                },
                {
                    "id": 1001,
                    "title": "Beat on the Brat",
                    "duration": "2:30"
                },
                {
                    "id": 1002,
                    "title": "Judy Is a Punk",
                    "duration": "1:30"
                },
                {
                    "id": 1003,
                    "title": "I Wanna Be Your Boyfriend",
                    "duration": "2:24"
                },
                {
                    "id": 1004,
                    "title": "Chain Saw",
                    "duration": "1:55"
                },
                {
                    "id": 1005,
                    "title": "Now I Wanna Sniff Some Glue",
                    "duration": "1:34"
                },
                {
                    "id": 1006,
                    "title": "I Don't Wanna Go Down to the Basement",
                    "duration": "2:35"
                },
                {
                    "id": 1007,
                    "title": "Loudmouth",
                    "duration": "2:14"
                },
                {
                    "id": 1008,
                    "title": "Havana Affair",
                    "duration": "2:00"
                },
                {
                    "id": 1009,
                    "title": "Listen to My Heart",
                    "duration": "1:56"
                },
                {
                    "id": 1010,
                    "title": "53rd & 3rd",
                    "duration": "2:19"
                },
                {
                    "id": 1011,
                    "title": "Let's Dance",
                    "duration": "1:51"
                },
                {
                    "id": 1012,
                    "title": "I Don't Wanna Walk Around with You",
                    "duration": "1:43"
                },
                {
                    "id": 1013,
                    "title": "Today Your Love, Tomorrow the World",
                    "duration": "2:09"
                }
            ]
        }
    },
    {
        "id": 1009,
        "artist": "Ramones",
        "name": "Halfway to Sanity",
        "image": "/images/ramones-halfway-to-sanity.jpg",
        "links": {
            "tracks": [
                {
                    "id": 1000,
                    "title": "Blitzkrieg Bop",
                    "duration": "2:12"
                },
                {
                    "id": 1001,
                    "title": "Beat on the Brat",
                    "duration": "2:30"
                },
                {
                    "id": 1002,
                    "title": "Judy Is a Punk",
                    "duration": "1:30"
                },
                {
                    "id": 1003,
                    "title": "I Wanna Be Your Boyfriend",
                    "duration": "2:24"
                },
                {
                    "id": 1004,
                    "title": "Chain Saw",
                    "duration": "1:55"
                },
                {
                    "id": 1005,
                    "title": "Now I Wanna Sniff Some Glue",
                    "duration": "1:34"
                },
                {
                    "id": 1006,
                    "title": "I Don't Wanna Go Down to the Basement",
                    "duration": "2:35"
                },
                {
                    "id": 1007,
                    "title": "Loudmouth",
                    "duration": "2:14"
                },
                {
                    "id": 1008,
                    "title": "Havana Affair",
                    "duration": "2:00"
                },
                {
                    "id": 1009,
                    "title": "Listen to My Heart",
                    "duration": "1:56"
                },
                {
                    "id": 1010,
                    "title": "53rd & 3rd",
                    "duration": "2:19"
                },
                {
                    "id": 1011,
                    "title": "Let's Dance",
                    "duration": "1:51"
                },
                {
                    "id": 1012,
                    "title": "I Don't Wanna Walk Around with You",
                    "duration": "1:43"
                },
                {
                    "id": 1013,
                    "title": "Today Your Love, Tomorrow the World",
                    "duration": "2:09"
                }
            ]
        }
    },
    {
        "id": 1010,
        "artist": "Ramones",
        "name": "Brain Drain",
        "image": "/images/ramones-brain-drain.jpg",
        "links": {
            "tracks": [
                {
                    "id": 1000,
                    "title": "Blitzkrieg Bop",
                    "duration": "2:12"
                },
                {
                    "id": 1001,
                    "title": "Beat on the Brat",
                    "duration": "2:30"
                },
                {
                    "id": 1002,
                    "title": "Judy Is a Punk",
                    "duration": "1:30"
                },
                {
                    "id": 1003,
                    "title": "I Wanna Be Your Boyfriend",
                    "duration": "2:24"
                },
                {
                    "id": 1004,
                    "title": "Chain Saw",
                    "duration": "1:55"
                },
                {
                    "id": 1005,
                    "title": "Now I Wanna Sniff Some Glue",
                    "duration": "1:34"
                },
                {
                    "id": 1006,
                    "title": "I Don't Wanna Go Down to the Basement",
                    "duration": "2:35"
                },
                {
                    "id": 1007,
                    "title": "Loudmouth",
                    "duration": "2:14"
                },
                {
                    "id": 1008,
                    "title": "Havana Affair",
                    "duration": "2:00"
                },
                {
                    "id": 1009,
                    "title": "Listen to My Heart",
                    "duration": "1:56"
                },
                {
                    "id": 1010,
                    "title": "53rd & 3rd",
                    "duration": "2:19"
                },
                {
                    "id": 1011,
                    "title": "Let's Dance",
                    "duration": "1:51"
                },
                {
                    "id": 1012,
                    "title": "I Don't Wanna Walk Around with You",
                    "duration": "1:43"
                },
                {
                    "id": 1013,
                    "title": "Today Your Love, Tomorrow the World",
                    "duration": "2:09"
                }
            ]
        }
    },
    {
        "id": 1011,
        "artist": "Ramones",
        "name": "Mondo Bizarro",
        "image": "/images/ramones-mondo-bizarro.jpg",
        "links": {
            "tracks": [
                {
                    "id": 1000,
                    "title": "Blitzkrieg Bop",
                    "duration": "2:12"
                },
                {
                    "id": 1001,
                    "title": "Beat on the Brat",
                    "duration": "2:30"
                },
                {
                    "id": 1002,
                    "title": "Judy Is a Punk",
                    "duration": "1:30"
                },
                {
                    "id": 1003,
                    "title": "I Wanna Be Your Boyfriend",
                    "duration": "2:24"
                },
                {
                    "id": 1004,
                    "title": "Chain Saw",
                    "duration": "1:55"
                },
                {
                    "id": 1005,
                    "title": "Now I Wanna Sniff Some Glue",
                    "duration": "1:34"
                },
                {
                    "id": 1006,
                    "title": "I Don't Wanna Go Down to the Basement",
                    "duration": "2:35"
                },
                {
                    "id": 1007,
                    "title": "Loudmouth",
                    "duration": "2:14"
                },
                {
                    "id": 1008,
                    "title": "Havana Affair",
                    "duration": "2:00"
                },
                {
                    "id": 1009,
                    "title": "Listen to My Heart",
                    "duration": "1:56"
                },
                {
                    "id": 1010,
                    "title": "53rd & 3rd",
                    "duration": "2:19"
                },
                {
                    "id": 1011,
                    "title": "Let's Dance",
                    "duration": "1:51"
                },
                {
                    "id": 1012,
                    "title": "I Don't Wanna Walk Around with You",
                    "duration": "1:43"
                },
                {
                    "id": 1013,
                    "title": "Today Your Love, Tomorrow the World",
                    "duration": "2:09"
                }
            ]
        }
    },
    {
        "id": 1012,
        "artist": "Ramones",
        "name": "Acid Eaters",
        "image": "/images/ramones-acid-eaters.jpg",
        "links": {
            "tracks": [
                {
                    "id": 1000,
                    "title": "Blitzkrieg Bop",
                    "duration": "2:12"
                },
                {
                    "id": 1001,
                    "title": "Beat on the Brat",
                    "duration": "2:30"
                },
                {
                    "id": 1002,
                    "title": "Judy Is a Punk",
                    "duration": "1:30"
                },
                {
                    "id": 1003,
                    "title": "I Wanna Be Your Boyfriend",
                    "duration": "2:24"
                },
                {
                    "id": 1004,
                    "title": "Chain Saw",
                    "duration": "1:55"
                },
                {
                    "id": 1005,
                    "title": "Now I Wanna Sniff Some Glue",
                    "duration": "1:34"
                },
                {
                    "id": 1006,
                    "title": "I Don't Wanna Go Down to the Basement",
                    "duration": "2:35"
                },
                {
                    "id": 1007,
                    "title": "Loudmouth",
                    "duration": "2:14"
                },
                {
                    "id": 1008,
                    "title": "Havana Affair",
                    "duration": "2:00"
                },
                {
                    "id": 1009,
                    "title": "Listen to My Heart",
                    "duration": "1:56"
                },
                {
                    "id": 1010,
                    "title": "53rd & 3rd",
                    "duration": "2:19"
                },
                {
                    "id": 1011,
                    "title": "Let's Dance",
                    "duration": "1:51"
                },
                {
                    "id": 1012,
                    "title": "I Don't Wanna Walk Around with You",
                    "duration": "1:43"
                },
                {
                    "id": 1013,
                    "title": "Today Your Love, Tomorrow the World",
                    "duration": "2:09"
                }
            ]
        }
    },
    {
        "id": 1013,
        "artist": "Ramones",
        "name": "Adios Amigos",
        "image": "/images/ramones-adios-amigos.jpg",
        "links": {
            "tracks": [
                {
                    "id": 1000,
                    "title": "Blitzkrieg Bop",
                    "duration": "2:12"
                },
                {
                    "id": 1001,
                    "title": "Beat on the Brat",
                    "duration": "2:30"
                },
                {
                    "id": 1002,
                    "title": "Judy Is a Punk",
                    "duration": "1:30"
                },
                {
                    "id": 1003,
                    "title": "I Wanna Be Your Boyfriend",
                    "duration": "2:24"
                },
                {
                    "id": 1004,
                    "title": "Chain Saw",
                    "duration": "1:55"
                },
                {
                    "id": 1005,
                    "title": "Now I Wanna Sniff Some Glue",
                    "duration": "1:34"
                },
                {
                    "id": 1006,
                    "title": "I Don't Wanna Go Down to the Basement",
                    "duration": "2:35"
                },
                {
                    "id": 1007,
                    "title": "Loudmouth",
                    "duration": "2:14"
                },
                {
                    "id": 1008,
                    "title": "Havana Affair",
                    "duration": "2:00"
                },
                {
                    "id": 1009,
                    "title": "Listen to My Heart",
                    "duration": "1:56"
                },
                {
                    "id": 1010,
                    "title": "53rd & 3rd",
                    "duration": "2:19"
                },
                {
                    "id": 1011,
                    "title": "Let's Dance",
                    "duration": "1:51"
                },
                {
                    "id": 1012,
                    "title": "I Don't Wanna Walk Around with You",
                    "duration": "1:43"
                },
                {
                    "id": 1013,
                    "title": "Today Your Love, Tomorrow the World",
                    "duration": "2:09"
                }
            ]
        }
    }
]